"","user_id","status_id","created_at","screen_name","text","geo_location","source","display_text_width","reply_to_status_id","reply_to_user_id","reply_to_screen_name","is_quote","is_retweet","favorite_count","retweet_count","quote_count","reply_count","hashtags","symbols","urls_url","urls_t.co","urls_expanded_url","media_url","media_t.co","media_expanded_url","media_type","ext_media_url","ext_media_t.co","ext_media_expanded_url","ext_media_type","mentions_user_id","mentions_screen_name","lang","quoted_status_id","quoted_text","quoted_created_at","quoted_source","quoted_favorite_count","quoted_retweet_count","quoted_user_id","quoted_screen_name","quoted_name","quoted_followers_count","quoted_friends_count","quoted_statuses_count","quoted_location","quoted_description","quoted_verified","retweet_status_id","retweet_text","retweet_created_at","retweet_source","retweet_favorite_count","retweet_retweet_count","retweet_user_id","retweet_screen_name","retweet_name","retweet_followers_count","retweet_friends_count","retweet_statuses_count","retweet_location","retweet_description","retweet_verified","place_url","place_name","place_full_name","place_type","country","country_code","geo_coords","coords_coords","bbox_coords","status_url","name","location","description","url","protected","followers_count","friends_count","listed_count","statuses_count","favourites_count","account_created_at","verified","profile_url","profile_expanded_url","account_lang","profile_banner_url","profile_background_url","profile_image_url","n","popularity"
"1","x1466788963650195461","x1479852206207553541","08/01/2022 16:27","RaviKhemka15","My brother is missing from 44 days. I have done everything possible I could. Please help.<U+0001F64F><U+0001F64F>@SonuSood @myogiadityanath @PMOIndia @Uppolice @varanasipolice @varanasitraffic @BiharPoliceCGRC @IgRangeVaranasi @RVCJ_FB @VaranasiNews @varanasikiawaz @DainikNews https://t.co/PUD84W0RcI","India","Twitter for Android",255,NA,NA,NA,FALSE,FALSE,1,2,NA,0,NA,NA,NA,NA,NA,"http://pbs.twimg.com/media/FIl9vGbVQAA3uc3.jpg","https://t.co/PUD84W0RcI","https://twitter.com/RaviKhemka15/status/1479852206207553541/photo/1","photo","http://pbs.twimg.com/media/FIl9vGbVQAA3uc3.jpg","https://t.co/PUD84W0RcI","https://twitter.com/RaviKhemka15/status/1479852206207553541/photo/1",NA,"x295026890 x3437532637 x471741741 x1271749327 x1557598766 x3269755580 x804584005932724224 x1399708710 x2835317718 x143043424 x2476931718 x157437005","SonuSood myogiadityanath PMOIndia Uppolice varanasipolice varanasitraffic BiharPoliceCGRC IgRangeVaranasi RVCJ_FB VaranasiNews varanasikiawaz DainikNews","en",NA,NA,NA,NA,NA,NA,NA,NA,NA,NA,NA,NA,NA,NA,NA,NA,NA,NA,NA,NA,NA,NA,NA,NA,NA,NA,NA,NA,NA,NA,"https://api.twitter.com/1.1/geo/id/7519d5ef0b317d8f.json","Varanasi","Varanasi, India","city","India","IN","NA NA","NA NA","82.671054 83.194857 83.194857 82.671054 25.166781 25.166781 25.57997 25.57997","https://twitter.com/RaviKhemka15/status/1479852206207553541","Ravi Khemka","","",NA,FALSE,2,56,0,10,51,"03/12/2021 15:19",FALSE,NA,NA,NA,NA,NA,"http://pbs.twimg.com/profile_images/1466789409655648262/Kb_m6FtA_normal.jpg",1,3
"2","x1199894938458214400","x1479902021297790978","08/01/2022 19:45","Airfrcegrl2","Please help find my friend. If you are in the St Catherine's area! PLEASE! <U+0001F62D> https://t.co/wwET9iPbfb","Canada","Twitter for Android",76,NA,NA,NA,FALSE,FALSE,0,0,NA,0,NA,NA,NA,NA,NA,"http://pbs.twimg.com/media/FImrC7TWQAMMGv_.jpg","https://t.co/wwET9iPbfb","https://twitter.com/Airfrcegrl2/status/1479902021297790978/photo/1","photo","http://pbs.twimg.com/media/FImrC7TWQAMMGv_.jpg","https://t.co/wwET9iPbfb","https://twitter.com/Airfrcegrl2/status/1479902021297790978/photo/1",NA,NA,NA,"en",NA,NA,NA,NA,NA,NA,NA,NA,NA,NA,NA,NA,NA,NA,NA,NA,NA,NA,NA,NA,NA,NA,NA,NA,NA,NA,NA,NA,NA,NA,NA,NA,NA,NA,NA,NA,"NA NA","NA NA","NA NA NA NA NA NA NA NA","https://twitter.com/Airfrcegrl2/status/1479902021297790978","Airfrcegrl","","Proud Mom, Nanny and Veteran <U+0001F1E8><U+0001F1E6>. I believe in family ties, honesty and karma.",NA,FALSE,6,96,0,206,554,"28/11/2019 03:37",FALSE,NA,NA,NA,NA,NA,"http://pbs.twimg.com/profile_images/1241176682792435712/92kupqoP_normal.jpg",1,0
"3","x1114045345187737600","x1479903356743294982","08/01/2022 19:50","PinkShinySheep","Isabelle here! Help me find my friend DOOM Guy or some Vacation Juice STAT! <U+270C><U+0001F496> https://t.co/R8hRDPFWBX","USA","Twitter for Android",78,NA,NA,NA,FALSE,FALSE,16,1,NA,0,NA,NA,NA,NA,NA,"http://pbs.twimg.com/media/FImsMidXIAgkfJT.jpg","https://t.co/R8hRDPFWBX","https://twitter.com/PinkShinySheep/status/1479903356743294982/photo/1","photo","http://pbs.twimg.com/media/FImsMidXIAgkfJT.jpg","https://t.co/R8hRDPFWBX","https://twitter.com/PinkShinySheep/status/1479903356743294982/photo/1",NA,NA,NA,"en",NA,NA,NA,NA,NA,NA,NA,NA,NA,NA,NA,NA,NA,NA,NA,NA,NA,NA,NA,NA,NA,NA,NA,NA,NA,NA,NA,NA,NA,NA,NA,NA,NA,NA,NA,NA,"NA NA","NA NA","NA NA NA NA NA NA NA NA","https://twitter.com/PinkShinySheep/status/1479903356743294982","<U+2606> Kaylee <U+2606>","Virginia, USA","<U+0001F31F><U+25AA><U+FE0E>Kaylee<U+25AA><U+FE0E>28<U+25AA><U+FE0E>She/Her<U+25AA><U+FE0E><U+0001F31F> 
Editor & AMV Contest Coordinator. Wannabe Magical Girl. Cat Mom. I stream sometimes & ramble a bit.  @bunnydeux/@illufinch - Art <U+0001F3A8>","https://t.co/1NTDS9jHCX",FALSE,227,431,4,16993,15585,"05/04/2019 06:01",FALSE,"https://t.co/1NTDS9jHCX","http://twitch.tv/princessmareep",NA,"https://pbs.twimg.com/profile_banners/1114045345187737600/1599146080",NA,"http://pbs.twimg.com/profile_images/1345612023271452676/C5fcPhsC_normal.jpg",1,17
"4","x1306929169754972164","x1479909756198293504","08/01/2022 20:15","AdvRadebe","Please help us find my sister Nomsa Nxumalo<U+0001F64F> https://t.co/OISBlc9tLt","South Africa","Twitter for Android",44,NA,NA,NA,FALSE,FALSE,151,813,NA,0,NA,NA,NA,NA,NA,"http://pbs.twimg.com/media/FImyE-FX0AUIXd_.jpg","https://t.co/OISBlc9tLt","https://twitter.com/AdvRadebe/status/1479909756198293504/photo/1","photo","http://pbs.twimg.com/media/FImyE-FX0AUIXd_.jpg","https://t.co/OISBlc9tLt","https://twitter.com/AdvRadebe/status/1479909756198293504/photo/1",NA,NA,NA,"en",NA,NA,NA,NA,NA,NA,NA,NA,NA,NA,NA,NA,NA,NA,NA,NA,NA,NA,NA,NA,NA,NA,NA,NA,NA,NA,NA,NA,NA,NA,NA,NA,NA,NA,NA,NA,"NA NA","NA NA","NA NA NA NA NA NA NA NA","https://twitter.com/AdvRadebe/status/1479909756198293504","Adv. Thokozile Radebe","","Never lost a battle..
HE CAN DO ALL THINGS but fail...",NA,FALSE,30,149,0,92,26,"18/09/2020 12:13",FALSE,NA,NA,NA,NA,NA,"http://pbs.twimg.com/profile_images/1353937886740164608/WgYRuOxN_normal.jpg",1,964
"5","x1289612966","x1479976175040536577","09/01/2022 00:39","StevieAngeles","Vigil happening in Chula Vista to mark the 1yr anniversary of when Pinay Maya Millete went missing. Husband has been accused of her murder. Family still hopes 2 find. Any1 w even smallest info on Larry &amp; their black Lexus 460 is asked to contact @ChulaVistaPD #helpfindMaya https://t.co/jiqmxg5OrY","USA","Twitter for iPhone",277,NA,NA,NA,FALSE,FALSE,2,0,NA,0,"helpfindMaya",NA,NA,NA,NA,"http://pbs.twimg.com/media/FInufAIVQAESUYr.jpg","https://t.co/jiqmxg5OrY","https://twitter.com/StevieAngeles/status/1479976175040536577/photo/1","photo","http://pbs.twimg.com/media/FInufAIVQAESUYr.jpg http://pbs.twimg.com/media/FInufAJVkAETjO4.jpg http://pbs.twimg.com/media/FInufA4VcAMCVB1.jpg http://pbs.twimg.com/media/FInufA6VgAE-dXu.jpg","https://t.co/jiqmxg5OrY https://t.co/jiqmxg5OrY https://t.co/jiqmxg5OrY https://t.co/jiqmxg5OrY","https://twitter.com/StevieAngeles/status/1479976175040536577/photo/1 https://twitter.com/StevieAngeles/status/1479976175040536577/photo/1 https://twitter.com/StevieAngeles/status/1479976175040536577/photo/1 https://twitter.com/StevieAngeles/status/1479976175040536577/photo/1",NA,"x48126666","ChulaVistaPD","en",NA,NA,NA,NA,NA,NA,NA,NA,NA,NA,NA,NA,NA,NA,NA,NA,NA,NA,NA,NA,NA,NA,NA,NA,NA,NA,NA,NA,NA,NA,NA,NA,NA,NA,NA,NA,"NA NA","NA NA","NA NA NA NA NA NA NA NA","https://twitter.com/StevieAngeles/status/1479976175040536577","Steve Angeles","MNL-SF-LA","<U+2764><U+FE0F><U+0001F49A><U+0001F499> Emmy winning Journalist, Producer, News, Docs, Maynard Fellow <U+271D>Can do ALL things thru HIM<U+0001F64F><U+0001F3FD> *views expressed own*","https://t.co/TJh2ctkEV2",FALSE,5426,2916,65,18584,13512,"22/03/2013 20:40",FALSE,"https://t.co/TJh2ctkEV2","https://muckrack.com/steve-angeles/portfoliobedIiZeb",NA,"https://pbs.twimg.com/profile_banners/1289612966/1633123092","http://abs.twimg.com/images/themes/theme1/bg.png","http://pbs.twimg.com/profile_images/1320805713501847552/_FLsvO5C_normal.jpg",1,2
"6","x483569912","x1480038006669004804","09/01/2022 04:45","Vic_Torrez","Calling all Bay Area folks, a friend of mine’s sister is missing. Last seen in SF, but could also be in the Oakland area. If you see her, please contact the number listed here - https://t.co/Q0GWtYT98p","USA","Twitter for iPhone",177,NA,NA,NA,FALSE,FALSE,0,1,NA,0,NA,NA,NA,NA,NA,"http://pbs.twimg.com/media/FIomuRQVgAA0b9l.jpg","https://t.co/Q0GWtYT98p","https://twitter.com/Vic_Torrez/status/1480038006669004804/photo/1","photo","http://pbs.twimg.com/media/FIomuRQVgAA0b9l.jpg","https://t.co/Q0GWtYT98p","https://twitter.com/Vic_Torrez/status/1480038006669004804/photo/1",NA,NA,NA,"en",NA,NA,NA,NA,NA,NA,NA,NA,NA,NA,NA,NA,NA,NA,NA,NA,NA,NA,NA,NA,NA,NA,NA,NA,NA,NA,NA,NA,NA,NA,NA,NA,NA,NA,NA,NA,"NA NA","NA NA","NA NA NA NA NA NA NA NA","https://twitter.com/Vic_Torrez/status/1480038006669004804","Victoria Torrez","SF Bay Area","Traveler <U+2708><U+FE0F> True crime & horror obsessed <U+0001F50E> <U+0001F480>Pizza & wine addict <U+0001F355><U+0001F377> Book nerd <U+0001F4DA> Dog lover - #JacksonThePup <U+0001F436>",NA,FALSE,406,779,22,5340,24047,"05/02/2012 05:00",FALSE,NA,NA,NA,"https://pbs.twimg.com/profile_banners/483569912/1594411236","http://abs.twimg.com/images/themes/theme1/bg.png","http://pbs.twimg.com/profile_images/1281679729079185413/iBdZ3zIX_normal.jpg",1,1
"7","x1470900865271746561","x1480158622021824515","09/01/2022 12:44","preciou54946795","Please share,Eunices husband is missing https://t.co/VIc2gOL5Km","South Africa","Twitter for Android",39,NA,NA,NA,FALSE,FALSE,0,0,NA,0,NA,NA,NA,NA,NA,"http://pbs.twimg.com/media/FIqUa8EXMAUjX96.jpg","https://t.co/VIc2gOL5Km","https://twitter.com/preciou54946795/status/1480158622021824515/photo/1","photo","http://pbs.twimg.com/media/FIqUa8EXMAUjX96.jpg","https://t.co/VIc2gOL5Km","https://twitter.com/preciou54946795/status/1480158622021824515/photo/1",NA,NA,NA,"en",NA,NA,NA,NA,NA,NA,NA,NA,NA,NA,NA,NA,NA,NA,NA,NA,NA,NA,NA,NA,NA,NA,NA,NA,NA,NA,NA,NA,NA,NA,NA,NA,NA,NA,NA,NA,"NA NA","NA NA","NA NA NA NA NA NA NA NA","https://twitter.com/preciou54946795/status/1480158622021824515","precious masuku","","",NA,FALSE,0,5,0,5,2,"14/12/2021 23:38",FALSE,NA,NA,NA,"https://pbs.twimg.com/profile_banners/1470900865271746561/1641768338",NA,"http://pbs.twimg.com/profile_images/1480309824982290432/Zp7LZsIn_normal.jpg",1,0
"8","x1213052022443790336","x1480208557014339584","09/01/2022 16:03","Anjaiah_Konkati","@KTRTRS @KTRoffice @TelanganaDGP  Sir Please Help. My uncle's son is missing. https://t.co/N8el5GKbEY","India","Twitter for Android",77,NA,"x118787224","KTRTRS",FALSE,FALSE,0,1,NA,0,NA,NA,NA,NA,NA,"http://pbs.twimg.com/media/FIrB1TfUYAQct4O.jpg","https://t.co/N8el5GKbEY","https://twitter.com/Anjaiah_Konkati/status/1480208557014339584/photo/1","photo","http://pbs.twimg.com/media/FIrB1TfUYAQct4O.jpg","https://t.co/N8el5GKbEY","https://twitter.com/Anjaiah_Konkati/status/1480208557014339584/photo/1",NA,"x118787224 x857093639624945672 x4832563445","KTRTRS KTRoffice TelanganaDGP","en",NA,NA,NA,NA,NA,NA,NA,NA,NA,NA,NA,NA,NA,NA,NA,NA,NA,NA,NA,NA,NA,NA,NA,NA,NA,NA,NA,NA,NA,NA,"https://api.twitter.com/1.1/geo/id/2260d4415363af48.json","Mulund West","Mulund West, Mumbai","neighborhood","India","IN","NA NA","NA NA","72.930211 72.964953 72.964953 72.930211 19.156853 19.156853 19.18422 19.18422","https://twitter.com/Anjaiah_Konkati/status/1480208557014339584","Anjaiah Konkati","India","",NA,FALSE,3,25,0,59,0,"03/01/2020 10:59",FALSE,NA,NA,NA,NA,NA,"http://pbs.twimg.com/profile_images/1305182668787576833/cmqwjLCX_normal.jpg",1,1
"9","x1236775609017217025","x1480407046163877891","10/01/2022 05:11","taegukmom","<U+203C><U+FE0F><U+203C><U+FE0F><U+203C><U+FE0F><U+203C><U+FE0F><U+203C><U+FE0F><U+203C><U+FE0F><U+203C><U+FE0F><U+203C><U+FE0F><U+203C><U+FE0F><U+203C><U+FE0F><U+203C><U+FE0F>
FILO BESTIES HELP HELP HELP!

My friend's brother is missing po. He is ""SPECIAL"" and left their house 3 days ago. Last seen along TAFT Ave.. baka po meron makakita sa inyo.. o kaya baka po pwede pa share ito! 

PLEASE RETWEET. DM ME IF YOU SEE HIM. https://t.co/MMWolOCREb","Philippines","Twitter for Android",271,NA,NA,NA,FALSE,FALSE,26,47,NA,0,NA,NA,NA,NA,NA,"http://pbs.twimg.com/media/FIt2XK9VkAcgDnz.jpg","https://t.co/MMWolOCREb","https://twitter.com/taegukmom/status/1480407046163877891/photo/1","photo","http://pbs.twimg.com/media/FIt2XK9VkAcgDnz.jpg","https://t.co/MMWolOCREb","https://twitter.com/taegukmom/status/1480407046163877891/photo/1",NA,NA,NA,"en",NA,NA,NA,NA,NA,NA,NA,NA,NA,NA,NA,NA,NA,NA,NA,NA,NA,NA,NA,NA,NA,NA,NA,NA,NA,NA,NA,NA,NA,NA,NA,NA,NA,NA,NA,NA,"NA NA","NA NA","NA NA NA NA NA NA NA NA","https://twitter.com/taegukmom/status/1480407046163877891","K<U+270D><U+FE0E>","kookv • vkook","TAEKOOK IS REAL","https://t.co/JK8maNgS1D",FALSE,11998,380,77,79368,81066,"08/03/2020 22:07",FALSE,"https://t.co/JK8maNgS1D","https://taekookartistry.carrd.co/",NA,"https://pbs.twimg.com/profile_banners/1236775609017217025/1641396152",NA,"http://pbs.twimg.com/profile_images/1478748859711234049/BZwq9CDm_normal.jpg",1,73
"10","x1412157829734146051","x1480436244031094785","10/01/2022 07:08","showbiznotices","Chicago mom is charged with murder after her missing son, 6, was found dead - and his older siblings have been charged with beating him and helping cover up the crime https://t.co/LxBiZkcEpY https://t.co/wFdmevipb8","Not Available","Pipedream, Inc",190,NA,NA,NA,FALSE,FALSE,0,0,NA,0,NA,NA,"t.me/DailyMailCeleb…","https://t.co/LxBiZkcEpY","https://t.me/DailyMailCeleb/107694","http://pbs.twimg.com/media/FIuQ6qSX0AEGps3.jpg","https://t.co/wFdmevipb8","https://twitter.com/showbiznotices/status/1480436244031094785/photo/1","photo","http://pbs.twimg.com/media/FIuQ6qSX0AEGps3.jpg","https://t.co/wFdmevipb8","https://twitter.com/showbiznotices/status/1480436244031094785/photo/1",NA,NA,NA,"en",NA,NA,NA,NA,NA,NA,NA,NA,NA,NA,NA,NA,NA,NA,NA,NA,NA,NA,NA,NA,NA,NA,NA,NA,NA,NA,NA,NA,NA,NA,NA,NA,NA,NA,NA,NA,"NA NA","NA NA","NA NA NA NA NA NA NA NA","https://twitter.com/showbiznotices/status/1480436244031094785","Showbiz","","Entertainment.",NA,FALSE,113,0,0,104407,0,"05/07/2021 21:14",FALSE,NA,NA,NA,"https://pbs.twimg.com/profile_banners/1412157829734146051/1625520774",NA,"http://pbs.twimg.com/profile_images/1412168566208671751/0v2eSWTj_normal.jpg",1,0
"11","x953441919065055232","x1480492432101974019","10/01/2022 10:51","Red_Sanford_","My baby brother is missing 

If you have any information related to his whereabouts, contact me at (313) 695-2678 

Please share this; get his photo throughout Detroit and the surrounding areas. Help us find my brother; get him home. https://t.co/x3BcPqySVb","USA","Twitter for iPhone",233,NA,NA,NA,FALSE,FALSE,3,8,NA,0,NA,NA,NA,NA,NA,"http://pbs.twimg.com/media/FIvEBR-XwAIaYXs.jpg","https://t.co/x3BcPqySVb","https://twitter.com/Red_Sanford_/status/1480492432101974019/photo/1","photo","http://pbs.twimg.com/media/FIvEBR-XwAIaYXs.jpg http://pbs.twimg.com/media/FIvEBR_WQAAez8R.jpg","https://t.co/x3BcPqySVb https://t.co/x3BcPqySVb","https://twitter.com/Red_Sanford_/status/1480492432101974019/photo/1 https://twitter.com/Red_Sanford_/status/1480492432101974019/photo/1",NA,NA,NA,"en",NA,NA,NA,NA,NA,NA,NA,NA,NA,NA,NA,NA,NA,NA,NA,NA,NA,NA,NA,NA,NA,NA,NA,NA,NA,NA,NA,NA,NA,NA,NA,NA,NA,NA,NA,NA,"NA NA","NA NA","NA NA NA NA NA NA NA NA","https://twitter.com/Red_Sanford_/status/1480492432101974019","A Toxic Regret…. (allegedly)","Detroit, MI","",NA,FALSE,122,239,0,6244,2203,"17/01/2018 01:40",FALSE,NA,NA,NA,NA,NA,"http://pbs.twimg.com/profile_images/1447261617117437955/KpdLgbd8_normal.jpg",1,11
"12","x3320120959","x1480494446537961474","10/01/2022 10:59","ShafiqS23178582","Please Help Me #SOS 
My sister is missing since 13/11/2021 but the Santacruz West #police station is not able to trace my sister.
Letters to cp office also didn't yeild any result. 
@CMOMaharashtra
@CPMumbaiPolice
@rautsanjay61
@SonuSood 
@the_VinayDubey
@maharashtra_hmo
@aajtak https://t.co/HE0gNkZfSh","","Twitter for Android",279,NA,NA,NA,FALSE,FALSE,0,0,NA,0,"SOS police",NA,NA,NA,NA,"http://pbs.twimg.com/media/FIvF2laVIAEvShP.jpg","https://t.co/HE0gNkZfSh","https://twitter.com/ShafiqS23178582/status/1480494446537961474/photo/1","photo","http://pbs.twimg.com/media/FIvF2laVIAEvShP.jpg","https://t.co/HE0gNkZfSh","https://twitter.com/ShafiqS23178582/status/1480494446537961474/photo/1",NA,"x2597666894 x4575856758 x2243917723 x295026890 x752170215836909568 x1382967815531991041 x42606652","CMOMaharashtra CPMumbaiPolice rautsanjay61 SonuSood the_VinayDubey maharashtra_hmo aajtak","en",NA,NA,NA,NA,NA,NA,NA,NA,NA,NA,NA,NA,NA,NA,NA,NA,NA,NA,NA,NA,NA,NA,NA,NA,NA,NA,NA,NA,NA,NA,NA,NA,NA,NA,NA,NA,"NA NA","NA NA","NA NA NA NA NA NA NA NA","https://twitter.com/ShafiqS23178582/status/1480494446537961474","Shafiq Shaikh","","",NA,FALSE,5,60,0,26,174,"19/08/2015 13:52",FALSE,NA,NA,NA,NA,"http://abs.twimg.com/images/themes/theme1/bg.png","http://pbs.twimg.com/profile_images/647658274460844033/shGSbAhi_normal.jpg",1,0
"13","x330760070","x1480535741369397249","10/01/2022 13:43","akinsbb","Blindside (2020)
New York City's Mayor is desperate to find his missing daughter,Detective Bennett steps in to help the Mayor and strike a deal to save his son in prison

sometimes—when the lives of innocents are at stake,honor has to take a back seat. Survival comes first

N2100 https://t.co/COXBWqBrSC","","Twitter for iPhone",280,NA,NA,NA,FALSE,FALSE,6,13,NA,0,NA,NA,NA,NA,NA,"http://pbs.twimg.com/media/FIvrZ63WUAMoCxa.jpg","https://t.co/COXBWqBrSC","https://twitter.com/akinsbb/status/1480535741369397249/photo/1","photo","http://pbs.twimg.com/media/FIvrZ63WUAMoCxa.jpg","https://t.co/COXBWqBrSC","https://twitter.com/akinsbb/status/1480535741369397249/photo/1",NA,NA,NA,"en",NA,NA,NA,NA,NA,NA,NA,NA,NA,NA,NA,NA,NA,NA,NA,NA,NA,NA,NA,NA,NA,NA,NA,NA,NA,NA,NA,NA,NA,NA,NA,NA,NA,NA,NA,NA,"NA NA","NA NA","NA NA NA NA NA NA NA NA","https://twitter.com/akinsbb/status/1480535741369397249","Abimbola <U+0001F339>","","I SELL Books <U+0001F4DA> #GodFirst #FamilyFirst Golden State Warriors #abeg : @akinsbb","https://t.co/5OfgDIfAxL",FALSE,2164,1419,7,34832,45970,"07/07/2011 03:26",FALSE,"https://t.co/5OfgDIfAxL","https://willzbookstore.bumpa.shop",NA,"https://pbs.twimg.com/profile_banners/330760070/1617744612","http://abs.twimg.com/images/themes/theme1/bg.png","http://pbs.twimg.com/profile_images/1480208307780526081/Y2-d0ytN_normal.jpg",1,19
"14","x3255148689","x1480630730359296006","10/01/2022 20:00","DavidSackey19","Please help me find my friend's sister https://t.co/h1PfUOrdRo","","Twitter Web App",38,NA,NA,NA,FALSE,FALSE,0,0,NA,0,NA,NA,NA,NA,NA,"http://pbs.twimg.com/media/FIxBteaX0AcGxF1.png","https://t.co/h1PfUOrdRo","https://twitter.com/DavidSackey19/status/1480630730359296006/photo/1","photo","http://pbs.twimg.com/media/FIxBteaX0AcGxF1.png","https://t.co/h1PfUOrdRo","https://twitter.com/DavidSackey19/status/1480630730359296006/photo/1",NA,NA,NA,"en",NA,NA,NA,NA,NA,NA,NA,NA,NA,NA,NA,NA,NA,NA,NA,NA,NA,NA,NA,NA,NA,NA,NA,NA,NA,NA,NA,NA,NA,NA,NA,NA,NA,NA,NA,NA,"NA NA","NA NA","NA NA NA NA NA NA NA NA","https://twitter.com/DavidSackey19/status/1480630730359296006","David K.A Sackey","Kasoa, Ghana","","https://t.co/CsZlqhluAp",FALSE,21,166,0,46,12,"15/05/2015 03:49",FALSE,"https://t.co/CsZlqhluAp","http://palmflet.co.uk",NA,NA,"http://abs.twimg.com/images/themes/theme1/bg.png","http://pbs.twimg.com/profile_images/599063033864937472/bD5QNAKf_normal.jpg",1,0
"15","x118593544","x1480633649196253190","10/01/2022 20:12","victoriapricetv","“My daughter is missing and DCYF won’t help.” This is a copy of the email #HarmonyMontgomery’s mother sent Manchester’s mayor in late Dec. Keep in mind she first called MPD in mid-Nov. Two days after this MPD held their first Harmony press conference. References Eli Lewis. @7news https://t.co/LPtmBFEwR7","","Twitter for iPhone",280,NA,NA,NA,FALSE,FALSE,91,44,NA,0,"HarmonyMontgomery",NA,NA,NA,NA,"http://pbs.twimg.com/media/FIxEc0_VkAIDl5m.jpg","https://t.co/LPtmBFEwR7","https://twitter.com/victoriapricetv/status/1480633649196253190/photo/1","photo","http://pbs.twimg.com/media/FIxEc0_VkAIDl5m.jpg http://pbs.twimg.com/media/FIxEc08VkAE1x_2.jpg","https://t.co/LPtmBFEwR7 https://t.co/LPtmBFEwR7","https://twitter.com/victoriapricetv/status/1480633649196253190/photo/1 https://twitter.com/victoriapricetv/status/1480633649196253190/photo/1",NA,"x16558796","7News","en",NA,NA,NA,NA,NA,NA,NA,NA,NA,NA,NA,NA,NA,NA,NA,NA,NA,NA,NA,NA,NA,NA,NA,NA,NA,NA,NA,NA,NA,NA,NA,NA,NA,NA,NA,NA,"NA NA","NA NA","NA NA NA NA NA NA NA NA","https://twitter.com/victoriapricetv/status/1480633649196253190","victoria price","boston","news + fun, all in one. tv journo @7news. @COMatBU alum. san diego native. #thyca survivor/advocate. RTs <U+2260> endorsements. tips? <U+27A1><U+FE0F><U+0001F4E7> vprice@whdh.com",NA,FALSE,8559,1772,101,15911,7484,"01/03/2010 04:53",TRUE,NA,NA,NA,"https://pbs.twimg.com/profile_banners/118593544/1611011673","http://abs.twimg.com/images/themes/theme3/bg.gif","http://pbs.twimg.com/profile_images/1436101475718025224/Y8g1xsCx_normal.jpg",1,135
"16","x203964538","x1480784273854668803","11/01/2022 06:10","scorp_dynamite","Thank You @cgidubai For Helping Mr. Joginder to find his missing brother in DUBAI <U+0001F44F><U+0001F3FB> please continue to help the family and sent Back Mr Joginder Once he recovered / discharged from hospital. #indianindubai #help #indian #Missing 
@DrSJaishankar @IndembAbuDhabi https://t.co/nKva96EdNr","","Twitter for iPhone",261,NA,NA,NA,FALSE,FALSE,3,1,NA,0,"indianindubai help indian Missing",NA,NA,NA,NA,"http://pbs.twimg.com/media/FIzNbePaMAAN9zB.jpg","https://t.co/nKva96EdNr","https://twitter.com/scorp_dynamite/status/1480784273854668803/photo/1","photo","http://pbs.twimg.com/media/FIzNbePaMAAN9zB.jpg","https://t.co/nKva96EdNr","https://twitter.com/scorp_dynamite/status/1480784273854668803/photo/1",NA,"x192465316 x859363899291742210 x2586978481","cgidubai DrSJaishankar IndembAbuDhabi","en",NA,NA,NA,NA,NA,NA,NA,NA,NA,NA,NA,NA,NA,NA,NA,NA,NA,NA,NA,NA,NA,NA,NA,NA,NA,NA,NA,NA,NA,NA,NA,NA,NA,NA,NA,NA,"NA NA","NA NA","NA NA NA NA NA NA NA NA","https://twitter.com/scorp_dynamite/status/1480784273854668803","ScorpDxb","Dubai, United Arab Emirates","Video Creator II Youtube Channels: ScorpDxb (230,000+ Subscribers) & DUBAI wali FAMILY","https://t.co/YQRVJiAbuT",FALSE,96,0,2,605,281,"17/10/2010 16:16",FALSE,"https://t.co/YQRVJiAbuT","http://www.youtube.com/c/scorpdxb",NA,"https://pbs.twimg.com/profile_banners/203964538/1598421854","http://abs.twimg.com/images/themes/theme1/bg.png","http://pbs.twimg.com/profile_images/1298501484796157952/_TOBvLEk_normal.jpg",1,4
"17","x2157304505","x1480803090198585344","11/01/2022 07:25","TheDJsMom07","Hello guys please help find my friend’s niece please retweet someone might have seen something please<U+0001F64F><U+0001F3FE><U+0001F64F><U+0001F3FE><U+0001F64F><U+0001F3FE><U+0001F64F><U+0001F3FE> https://t.co/WMU2dwcwRH","","Twitter for iPhone",109,NA,NA,NA,FALSE,FALSE,0,0,NA,0,NA,NA,NA,NA,NA,"http://pbs.twimg.com/media/FIzejskWYAI9u06.jpg","https://t.co/WMU2dwcwRH","https://twitter.com/TheDJsMom07/status/1480803090198585344/photo/1","photo","http://pbs.twimg.com/media/FIzejskWYAI9u06.jpg","https://t.co/WMU2dwcwRH","https://twitter.com/TheDJsMom07/status/1480803090198585344/photo/1",NA,NA,NA,"en",NA,NA,NA,NA,NA,NA,NA,NA,NA,NA,NA,NA,NA,NA,NA,NA,NA,NA,NA,NA,NA,NA,NA,NA,NA,NA,NA,NA,NA,NA,NA,NA,NA,NA,NA,NA,"NA NA","NA NA","NA NA NA NA NA NA NA NA","https://twitter.com/TheDJsMom07/status/1480803090198585344","MamaBear<U+0001F43B>","zimbabwe","GOD...FAMILY....FRIENDS BLESSED BEYOND",NA,FALSE,354,557,0,367,3804,"28/10/2013 14:57",FALSE,NA,NA,NA,"https://pbs.twimg.com/profile_banners/2157304505/1636534183","http://abs.twimg.com/images/themes/theme1/bg.png","http://pbs.twimg.com/profile_images/1449362802758537223/uyEZEQ-Z_normal.jpg",1,0
"18","x17407801","x1480898020103307266","11/01/2022 13:42","eatmyshorts","Don Wells chose this picture of his missing daughter in a coffin to speak directly to her. There are SO many photos guys. He chose this. He just can not help himself. https://t.co/vJNUVsmFLj","","Twitter for Android",166,NA,NA,NA,FALSE,FALSE,1,0,NA,0,NA,NA,NA,NA,NA,"http://pbs.twimg.com/media/FI005n9XIAMSVr7.jpg","https://t.co/vJNUVsmFLj","https://twitter.com/eatmyshorts/status/1480898020103307266/photo/1","photo","http://pbs.twimg.com/media/FI005n9XIAMSVr7.jpg","https://t.co/vJNUVsmFLj","https://twitter.com/eatmyshorts/status/1480898020103307266/photo/1",NA,NA,NA,"en",NA,NA,NA,NA,NA,NA,NA,NA,NA,NA,NA,NA,NA,NA,NA,NA,NA,NA,NA,NA,NA,NA,NA,NA,NA,NA,NA,NA,NA,NA,NA,NA,NA,NA,NA,NA,"NA NA","NA NA","NA NA NA NA NA NA NA NA","https://twitter.com/eatmyshorts/status/1480898020103307266","eatmyshorts","Never you mind","",NA,FALSE,248,332,14,27850,12454,"15/11/2008 14:16",FALSE,NA,NA,NA,"https://pbs.twimg.com/profile_banners/17407801/1420544441","http://abs.twimg.com/images/themes/theme4/bg.gif","http://pbs.twimg.com/profile_images/552429676577034241/Rb_NmC02_normal.jpeg",1,1
"19","x917054912294522882","x1480960129356939267","11/01/2022 17:49","AntiAbuseSA","Grassy Park ouma seeks help locating her missing daughter, two grandkids
https://t.co/TsVb9vdDLv https://t.co/IWeMbOOfdP","","Crowdfire App",96,NA,NA,NA,FALSE,FALSE,1,2,NA,0,NA,NA,"dailyvoice.co.za/news/grassy-pa…","https://t.co/TsVb9vdDLv","https://www.dailyvoice.co.za/news/grassy-park-ouma-seeks-help-locating-her-missing-daughter-two-grandkids-ecae9e6f-e42f-4a14-830f-80a402c0b03d","http://pbs.twimg.com/media/FI1tY8BXwAMfEkt.jpg","https://t.co/IWeMbOOfdP","https://twitter.com/AntiAbuseSA/status/1480960129356939267/photo/1","photo","http://pbs.twimg.com/media/FI1tY8BXwAMfEkt.jpg","https://t.co/IWeMbOOfdP","https://twitter.com/AntiAbuseSA/status/1480960129356939267/photo/1",NA,NA,NA,"en",NA,NA,NA,NA,NA,NA,NA,NA,NA,NA,NA,NA,NA,NA,NA,NA,NA,NA,NA,NA,NA,NA,NA,NA,NA,NA,NA,NA,NA,NA,NA,NA,NA,NA,NA,NA,"NA NA","NA NA","NA NA NA NA NA NA NA NA","https://twitter.com/AntiAbuseSA/status/1480960129356939267","Fight Against Violence & Abuse","Cape Town, South Africa","Never be afraid to raise your voice for honesty and truth and compassion against injustice and lying and greed –William Faulkner

Page Admin @StandUnited79","https://t.co/EATHAIpqKA",FALSE,924,1678,2,22298,3302,"08/10/2017 15:51",FALSE,"https://t.co/EATHAIpqKA","https://againstabuse79.weebly.com",NA,"https://pbs.twimg.com/profile_banners/917054912294522882/1607797272",NA,"http://pbs.twimg.com/profile_images/1437827475212488704/SB5NEOQY_normal.jpg",1,3
"20","x1086638808559431682","x1480981856552206342","11/01/2022 19:16","taliapanels","“please, help me find my son.”
future state: gotham #9 (2022) https://t.co/KRb8cTQzzA","","Twitter for Android",61,NA,NA,NA,FALSE,FALSE,76,23,NA,0,NA,NA,NA,NA,NA,"http://pbs.twimg.com/media/FI2BHWyXwAQFygf.jpg","https://t.co/KRb8cTQzzA","https://twitter.com/taliapanels/status/1480981856552206342/photo/1","photo","http://pbs.twimg.com/media/FI2BHWyXwAQFygf.jpg http://pbs.twimg.com/media/FI2BH4qWUAcybhm.jpg http://pbs.twimg.com/media/FI2BIlPXIAAIWvq.jpg http://pbs.twimg.com/media/FI2BJK7WQAYVgQy.jpg","https://t.co/KRb8cTQzzA https://t.co/KRb8cTQzzA https://t.co/KRb8cTQzzA https://t.co/KRb8cTQzzA","https://twitter.com/taliapanels/status/1480981856552206342/photo/1 https://twitter.com/taliapanels/status/1480981856552206342/photo/1 https://twitter.com/taliapanels/status/1480981856552206342/photo/1 https://twitter.com/taliapanels/status/1480981856552206342/photo/1",NA,NA,NA,"en",NA,NA,NA,NA,NA,NA,NA,NA,NA,NA,NA,NA,NA,NA,NA,NA,NA,NA,NA,NA,NA,NA,NA,NA,NA,NA,NA,NA,NA,NA,NA,NA,NA,NA,NA,NA,"NA NA","NA NA","NA NA NA NA NA NA NA NA","https://twitter.com/taliapanels/status/1480981856552206342","<U+064B>","","the best appearances of the daughter of the demon, talia al ghul, since her debut in 1971",NA,FALSE,765,45,3,217,632,"19/01/2019 14:57",FALSE,NA,NA,NA,"https://pbs.twimg.com/profile_banners/1086638808559431682/1637344598",NA,"http://pbs.twimg.com/profile_images/1462527937803165698/MJmKenCR_normal.jpg",1,99
"21","x883137865928101890","x1480998190275080198","11/01/2022 20:20","layanhokuto","<U+0645><U+0627><U+062D><U+0628><U+064A><U+062A> <U+0634><U+0643><U+0644> <U+062A><U+0627><U+0644><U+064A><U+0627> <U+0647><U+0646><U+0627>
<U+0628><U+0633><U+0633> please help me find my son <U+0001F629><U+0001F497><U+0001F497> https://t.co/eP4WSiqUyj","","Twitter for Android",55,NA,NA,NA,FALSE,FALSE,1,0,NA,0,NA,NA,NA,NA,NA,"http://pbs.twimg.com/media/FI2QAWFX0AERrwC.jpg","https://t.co/eP4WSiqUyj","https://twitter.com/layanhokuto/status/1480998190275080198/photo/1","photo","http://pbs.twimg.com/media/FI2QAWFX0AERrwC.jpg","https://t.co/eP4WSiqUyj","https://twitter.com/layanhokuto/status/1480998190275080198/photo/1",NA,NA,NA,"und",NA,NA,NA,NA,NA,NA,NA,NA,NA,NA,NA,NA,NA,NA,NA,NA,NA,NA,NA,NA,NA,NA,NA,NA,NA,NA,NA,NA,NA,NA,NA,NA,NA,NA,NA,NA,"NA NA","NA NA","NA NA NA NA NA NA NA NA","https://twitter.com/layanhokuto/status/1480998190275080198","<U+0644><U+0640><U+064A><U+0640><U+0640><U+0627><U+0646> <U+0001F5A4><U+0001F987>","","<U+200F><U+200F><U+200F><U+200F><U+200F><U+200F><U+200F><U+0627><U+0644><U+0643><U+062B><U+064A><U+0631> <U+0645><U+0646> <U+0627><U+0644><U+0627><U+0647><U+062A><U+0645><U+0627><U+0645><U+0627><U+062A> <U+0648><U+0627><U+0644><U+062D><U+0644><U+0637><U+0645><U+0647>~/ team SixTONES<U+0001F4AA><U+0001F3FC> <U+0645><U+0627><U+062A><U+0633><U+0648><U+0645><U+0648><U+0631><U+0627> <U+0647><U+0648><U+0643><U+062A><U+0648> <U+0631><U+0627><U+0626><U+0639> <U+0001F5A4><U+0001F5A4>/ arab fan<U+0001F493>",NA,FALSE,294,410,3,43048,38508,"07/07/2017 01:37",FALSE,NA,NA,NA,"https://pbs.twimg.com/profile_banners/883137865928101890/1640972867",NA,"http://pbs.twimg.com/profile_images/1482728174450524160/TBAJy9iR_normal.jpg",1,1
"22","x1480615016411897856","x1481151214272274436","12/01/2022 06:29","smokeyviews","Can you please help me find my friend
I'll give you anything you need
Multiplied by ten
I heard he moved to a place
Where the time don't end
So you don't need money
All you got is time to spend <U+0001F47D><U+270C>#macmiller #weed #CannabisCommunity #cannabis #StayLifted #high #stoner #stoned https://t.co/c5539iAgeY","","Twitter for Android",275,NA,NA,NA,FALSE,FALSE,2,2,NA,0,"macmiller weed CannabisCommunity cannabis StayLifted high stoner stoned",NA,NA,NA,NA,"http://pbs.twimg.com/media/FI4bK7dXwAMMlVM.jpg","https://t.co/c5539iAgeY","https://twitter.com/smokeyviews/status/1481151214272274436/photo/1","photo","http://pbs.twimg.com/media/FI4bK7dXwAMMlVM.jpg http://pbs.twimg.com/media/FI4bLRfXsAAhJrY.jpg","https://t.co/c5539iAgeY https://t.co/c5539iAgeY","https://twitter.com/smokeyviews/status/1481151214272274436/photo/1 https://twitter.com/smokeyviews/status/1481151214272274436/photo/1",NA,NA,NA,"en",NA,NA,NA,NA,NA,NA,NA,NA,NA,NA,NA,NA,NA,NA,NA,NA,NA,NA,NA,NA,NA,NA,NA,NA,NA,NA,NA,NA,NA,NA,NA,NA,NA,NA,NA,NA,"NA NA","NA NA","NA NA NA NA NA NA NA NA","https://twitter.com/smokeyviews/status/1481151214272274436","Annnon","","....................... <U+270C>",NA,FALSE,15,3,0,23,533,"10/01/2022 18:58",FALSE,NA,NA,NA,"https://pbs.twimg.com/profile_banners/1480615016411897856/1642085111",NA,"http://pbs.twimg.com/profile_images/1482465603193606155/PnJpvwSw_normal.jpg",1,4
"23","x1201218801657880581","x1481260671450984449","12/01/2022 13:43","Likhosta4","@eNCA - Please help me find my friend <U+0001F62D><U+0001F62D> https://t.co/Tgy1A4Fuhi","","Twitter for Android",34,"x1481259414149607425","x301309392","eNCA",FALSE,FALSE,0,0,NA,0,NA,NA,NA,NA,NA,"http://pbs.twimg.com/media/FI5-uuxXoAAKpJ4.jpg","https://t.co/Tgy1A4Fuhi","https://twitter.com/Likhosta4/status/1481260671450984449/photo/1","photo","http://pbs.twimg.com/media/FI5-uuxXoAAKpJ4.jpg","https://t.co/Tgy1A4Fuhi","https://twitter.com/Likhosta4/status/1481260671450984449/photo/1",NA,"x301309392","eNCA","en",NA,NA,NA,NA,NA,NA,NA,NA,NA,NA,NA,NA,NA,NA,NA,NA,NA,NA,NA,NA,NA,NA,NA,NA,NA,NA,NA,NA,NA,NA,NA,NA,NA,NA,NA,NA,"NA NA","NA NA","NA NA NA NA NA NA NA NA","https://twitter.com/Likhosta4/status/1481260671450984449","Likhosta_iam","Secunda, South Africa<U+0001F4CD>","Musician|Rapper|Singer","https://t.co/lqxHs4RmWX",FALSE,126,182,0,145,4693,"01/12/2019 19:18",FALSE,"https://t.co/lqxHs4RmWX","https://slikouronlife.co.za/song/217104/happiness-13",NA,"https://pbs.twimg.com/profile_banners/1201218801657880581/1575699495",NA,"http://pbs.twimg.com/profile_images/1447812733517373443/e5a576YO_normal.jpg",1,0
"24","x1201218801657880581","x1481263783490342919","12/01/2022 13:56","Likhosta4","@casspernyovest - Please help me find my friend <U+0001F62D><U+0001F62D> https://t.co/dkbAOALnvs","","Twitter for Android",34,"x1481263107821420544","x183253150","casspernyovest",FALSE,FALSE,0,0,NA,0,NA,NA,NA,NA,NA,"http://pbs.twimg.com/media/FI6Bj3GWQAMriXn.jpg","https://t.co/dkbAOALnvs","https://twitter.com/Likhosta4/status/1481263783490342919/photo/1","photo","http://pbs.twimg.com/media/FI6Bj3GWQAMriXn.jpg","https://t.co/dkbAOALnvs","https://twitter.com/Likhosta4/status/1481263783490342919/photo/1",NA,"x183253150","casspernyovest","en",NA,NA,NA,NA,NA,NA,NA,NA,NA,NA,NA,NA,NA,NA,NA,NA,NA,NA,NA,NA,NA,NA,NA,NA,NA,NA,NA,NA,NA,NA,NA,NA,NA,NA,NA,NA,"NA NA","NA NA","NA NA NA NA NA NA NA NA","https://twitter.com/Likhosta4/status/1481263783490342919","Likhosta_iam","Secunda, South Africa<U+0001F4CD>","Musician|Rapper|Singer","https://t.co/lqxHs4RmWX",FALSE,126,182,0,145,4693,"01/12/2019 19:18",FALSE,"https://t.co/lqxHs4RmWX","https://slikouronlife.co.za/song/217104/happiness-13",NA,"https://pbs.twimg.com/profile_banners/1201218801657880581/1575699495",NA,"http://pbs.twimg.com/profile_images/1447812733517373443/e5a576YO_normal.jpg",1,0
"25","x1407394900019191820","x1481263830881738761","12/01/2022 13:56","dane52227792","@cnnbrk JESUS <U+0001F622><U+0001F622><U+0001F61E> HELP THIS WOMAN IN JAMAICA <U+0001F1EF><U+0001F1F2> @AndrewHolnessJM HER DAUGHTER IS MISSING 5 DAYS NOW NO TRACE https://t.co/2759ceS0ko","","Twitter for iPhone",100,"x1481258678376349703","x428333","cnnbrk",FALSE,FALSE,0,0,NA,0,NA,NA,NA,NA,NA,"http://pbs.twimg.com/ext_tw_video_thumb/1481263732584071171/pu/img/SsRlpXtERnTNwg1a.jpg","https://t.co/2759ceS0ko","https://twitter.com/dane52227792/status/1481263830881738761/video/1","photo","http://pbs.twimg.com/ext_tw_video_thumb/1481263732584071171/pu/img/SsRlpXtERnTNwg1a.jpg","https://t.co/2759ceS0ko","https://twitter.com/dane52227792/status/1481263830881738761/video/1",NA,"x428333 x382671909","cnnbrk AndrewHolnessJM","en",NA,NA,NA,NA,NA,NA,NA,NA,NA,NA,NA,NA,NA,NA,NA,NA,NA,NA,NA,NA,NA,NA,NA,NA,NA,NA,NA,NA,NA,NA,NA,NA,NA,NA,NA,NA,"NA NA","NA NA","NA NA NA NA NA NA NA NA","https://twitter.com/dane52227792/status/1481263830881738761","dane","","",NA,FALSE,21,17,1,201,281,"22/06/2021 17:48",FALSE,NA,NA,NA,NA,NA,"http://abs.twimg.com/sticky/default_profile_images/default_profile_normal.png",1,0
"26","x1305977425776586752","x1481363747788754950","12/01/2022 20:33","BobAnde45989212","@SpursOfficial <U+0001F6A8><U+0001F6A8>My son is missing<U+0001F622> Can someone help me find him<U+0001F64F> He was last seen looking for tottenhams last trophy<U+0001F614> He went with his friend Harry Pain. But he said he could not find him because he was ghosting<U+0001F480> https://t.co/0FTf73Puph","","Twitter for iPhone",198,"x1481363680436621317","x121402638","SpursOfficial",FALSE,FALSE,28,1,NA,0,NA,NA,NA,NA,NA,"http://pbs.twimg.com/media/FI7ceexXsAAC9mK.jpg","https://t.co/0FTf73Puph","https://twitter.com/BobAnde45989212/status/1481363747788754950/photo/1","photo","http://pbs.twimg.com/media/FI7ceexXsAAC9mK.jpg http://pbs.twimg.com/media/FI7ceeyWQAAPHPi.jpg","https://t.co/0FTf73Puph https://t.co/0FTf73Puph","https://twitter.com/BobAnde45989212/status/1481363747788754950/photo/1 https://twitter.com/BobAnde45989212/status/1481363747788754950/photo/1",NA,"x121402638","SpursOfficial","en",NA,NA,NA,NA,NA,NA,NA,NA,NA,NA,NA,NA,NA,NA,NA,NA,NA,NA,NA,NA,NA,NA,NA,NA,NA,NA,NA,NA,NA,NA,NA,NA,NA,NA,NA,NA,"NA NA","NA NA","NA NA NA NA NA NA NA NA","https://twitter.com/BobAnde45989212/status/1481363747788754950","Bob Army<U+0001F1F3><U+0001F1F4>","","Elite ball knowledge",NA,FALSE,45,954,0,435,25663,"15/09/2020 21:11",FALSE,NA,NA,NA,"https://pbs.twimg.com/profile_banners/1305977425776586752/1642368237",NA,"http://pbs.twimg.com/profile_images/1482827184528056321/S-tViodh_normal.jpg",1,29
"27","x1075414325374857217","x1481462513443037184","13/01/2022 03:06","bangstantk","WANT TO BUY
Super Junior Donghae Photocard

Donghae Abs - California Love Album
Donghae Mom - The Renaissance Album

Can payo
Preferably onhand

Please help me find my sister's super prio pcs <U+0001F97A>

<U+0001F3F7> wtb lfs ph super junior suju sj donghae dong hae dh pc photocard https://t.co/RhnvCsR64a","","Twitter for iPhone",261,NA,NA,NA,FALSE,FALSE,3,1,NA,0,NA,NA,NA,NA,NA,"http://pbs.twimg.com/media/FI82TQwakAEmuLX.jpg","https://t.co/RhnvCsR64a","https://twitter.com/bangstantk/status/1481462513443037184/photo/1","photo","http://pbs.twimg.com/media/FI82TQwakAEmuLX.jpg http://pbs.twimg.com/media/FI82TQragAEvuPd.jpg","https://t.co/RhnvCsR64a https://t.co/RhnvCsR64a","https://twitter.com/bangstantk/status/1481462513443037184/photo/1 https://twitter.com/bangstantk/status/1481462513443037184/photo/1",NA,NA,NA,"en",NA,NA,NA,NA,NA,NA,NA,NA,NA,NA,NA,NA,NA,NA,NA,NA,NA,NA,NA,NA,NA,NA,NA,NA,NA,NA,NA,NA,NA,NA,NA,NA,NA,NA,NA,NA,"NA NA","NA NA","NA NA NA NA NA NA NA NA","https://twitter.com/bangstantk/status/1481462513443037184","aoi || rox","bts . txt . astro","bns acc <U+2728> btxt spark collector <U+2728> bts jk & txt yj",NA,FALSE,172,257,0,10347,10325,"19/12/2018 15:35",FALSE,NA,NA,NA,"https://pbs.twimg.com/profile_banners/1075414325374857217/1638706878",NA,"http://pbs.twimg.com/profile_images/1460946899419406336/BDaYzFJt_normal.jpg",1,4
"28","x2579191859","x1481505326084116480","13/01/2022 05:56","Haley_Depoy","I don’t if any of my followers could help!! My moms friends daughter is missing. Her location was pinged in Greenville Tennessee. https://t.co/8UzNIGpQrw","","Twitter for iPhone",129,NA,NA,NA,FALSE,FALSE,8,6,NA,0,NA,NA,NA,NA,NA,"http://pbs.twimg.com/media/FI9dPZpWUAEfTyh.jpg","https://t.co/8UzNIGpQrw","https://twitter.com/Haley_Depoy/status/1481505326084116480/photo/1","photo","http://pbs.twimg.com/media/FI9dPZpWUAEfTyh.jpg http://pbs.twimg.com/media/FI9dPZpXsAAObQO.jpg","https://t.co/8UzNIGpQrw https://t.co/8UzNIGpQrw","https://twitter.com/Haley_Depoy/status/1481505326084116480/photo/1 https://twitter.com/Haley_Depoy/status/1481505326084116480/photo/1",NA,NA,NA,"en",NA,NA,NA,NA,NA,NA,NA,NA,NA,NA,NA,NA,NA,NA,NA,NA,NA,NA,NA,NA,NA,NA,NA,NA,NA,NA,NA,NA,NA,NA,NA,NA,NA,NA,NA,NA,"NA NA","NA NA","NA NA NA NA NA NA NA NA","https://twitter.com/Haley_Depoy/status/1481505326084116480","Hales","Virginia","22 | she/her • drawing • ig: _haleesss_ <U+0001F33B>10/25/20<U+0001F49C> #samandcolbyfam #harrystyles <U+2728>saw Harry 6/24/18 & 9/18/21<U+2728>",NA,FALSE,3447,1662,22,58624,186878,"03/06/2014 02:37",FALSE,NA,NA,NA,"https://pbs.twimg.com/profile_banners/2579191859/1640026359","http://abs.twimg.com/images/themes/theme1/bg.png","http://pbs.twimg.com/profile_images/1475872278617407496/ADFZg6NH_normal.jpg",1,14
"29","x1475903836749324291","x1481550371415736320","13/01/2022 08:55","DiminutiveBolt","..........another missing brother?

That doesn't help her feel better... Hiten is all she had left.

She will accept the help.. https://t.co/Io1MqbkQas https://t.co/C1LdgiSe68","","Twitter Web App",151,NA,NA,NA,TRUE,FALSE,0,0,NA,0,NA,NA,"twitter.com/xNadeshikoisms…","https://t.co/Io1MqbkQas","https://twitter.com/xNadeshikoisms/status/1481549708220850176","http://pbs.twimg.com/tweet_video_thumb/FI-GLhaVkAEnAPj.jpg","https://t.co/C1LdgiSe68","https://twitter.com/DiminutiveBolt/status/1481550371415736320/photo/1","photo","http://pbs.twimg.com/tweet_video_thumb/FI-GLhaVkAEnAPj.jpg","https://t.co/C1LdgiSe68","https://twitter.com/DiminutiveBolt/status/1481550371415736320/photo/1",NA,NA,NA,"en","x1481549708220850176","Her little brother hasn't come home either and she's worried sick.

Does she want company in her search? https://t.co/lO0N4ai8JH","13/01/2022 08:52","Twitter for Android",0,0,"x1469798404389752839","xNadeshikoisms","<U+00020628><U+5342><U+5200><U+4E47><U+4E02><U+5344><U+5DE5><U+957F><U+53E3>",116,283,490,"<U+026A><U+028F>-<U+029C><U+0274><U+028F> <U+0280><U+1D18> | #<U+0274><U+026A><U+0262><U+029C><U+1D1B><U+029F><U+026A><U+1D00> ","<U+3164><U+3164> <U+2751> <U+1392> #NADESHIKO: of naraku <U+2501> <U+0001D5F9><U+0001D5EE><U+0001D5F1><U+0001D5F6><U+0001D5F2><U+0001D600> <U+0001D5F1><U+0001D5FC><U+0001D5FB>'<U+0001D601> <U+0001D600><U+0001D601><U+0001D5EE><U+0001D5FF><U+0001D601> <U+0001D5F3><U+0001D5F6><U+0001D5F4><U+0001D5F5><U+0001D601><U+0001D600> <U+2E03><U+2E1D> <U+0001D5EF><U+0001D602><U+0001D601> <U+0001D601><U+0001D5F5><U+0001D5F2><U+0001D606> <U+0001D5F0><U+0001D5EE><U+0001D5FB> <U+0001D5F3><U+0001D5F6><U+0001D5FB><U+0001D5F6><U+0001D600><U+0001D5F5> <U+0001D601><U+0001D5F5><U+0001D5F2><U+0001D5FA> / <U+273F>",FALSE,NA,NA,NA,NA,NA,NA,NA,NA,NA,NA,NA,NA,NA,NA,NA,NA,NA,NA,NA,NA,NA,"NA NA","NA NA","NA NA NA NA NA NA NA NA","https://twitter.com/DiminutiveBolt/status/1481550371415736320","<U+A1D9><U+A132><U+A4C4><U+A3C2><U+A2CA>","<U+300C>Inuyasha RP 18+| #MamaZ<U+300D>","<U+2727> ""<U+0001D61B><U+0001D629><U+0001D622><U+0001D635>'<U+0001D634> <U+0001D622><U+0001D62F> <U+0001D622><U+0001D638><U+0001D627><U+0001D636><U+0001D62D><U+0001D62D><U+0001D63A> <U+0001D62F><U+0001D62A><U+0001D624><U+0001D626> <U+0001D631><U+0001D62D><U+0001D622><U+0001D63A><U+0001D635><U+0001D629><U+0001D62A><U+0001D62F><U+0001D628> <U+0001D63A><U+0001D630><U+0001D636>'<U+0001D637><U+0001D626> <U+0001D628><U+0001D630><U+0001D635> <U+0001D635><U+0001D629><U+0001D626><U+0001D633><U+0001D626>..."" <U+2727>","https://t.co/aOZHzLcqeS",FALSE,55,58,3,173,124,"28/12/2021 18:57",FALSE,"https://t.co/aOZHzLcqeS","https://inuyasha.fandom.com/wiki/S%C5%8Dten",NA,"https://pbs.twimg.com/profile_banners/1475903836749324291/1640717932",NA,"http://pbs.twimg.com/profile_images/1475903924490039300/c_xB7brm_normal.jpg",1,0
"30","x2464016092","x1481844519771557891","14/01/2022 04:23","Leendow_K","Hi. Please retweet to help find my friend's dad. Tracker signal was last in Katlehong 

@SAPoliceService https://t.co/VBm7Kf3ur5 https://t.co/iJTn8nNtpf","","Twitter Web App",128,NA,NA,NA,TRUE,FALSE,0,0,NA,0,NA,NA,"twitter.com/akreana_/statu…","https://t.co/VBm7Kf3ur5","https://twitter.com/akreana_/status/1081598051322679297","http://pbs.twimg.com/media/FJCRr00XwAQfXDr.jpg","https://t.co/iJTn8nNtpf","https://twitter.com/Leendow_K/status/1481844519771557891/photo/1","photo","http://pbs.twimg.com/media/FJCRr00XwAQfXDr.jpg","https://t.co/iJTn8nNtpf","https://twitter.com/Leendow_K/status/1481844519771557891/photo/1",NA,"x320644276","SAPoliceService","en","x1081598051322679297","O jewa ke eng ?","05/01/2019 17:07","Twitter for iPhone",107277,35913,"x743199714502402048","akreana_","Keabetswe<U+0001F32C>",757527,88253,395564,"","Philanthropist<U+0001F499>| Ambassador @PieterseTinika<U+0001F338>, @MetropolitanZA<U+0001F33B>, @Vodacom<U+2665><U+FE0F>, <U+0001F4E7>: Keajan66@icloud.com. Founder of @_OJKFoundation <U+0001F489> Lebo on #Lithapo <U+0001F3A5> <U+0001F39E>",TRUE,NA,NA,NA,NA,NA,NA,NA,NA,NA,NA,NA,NA,NA,NA,NA,NA,NA,NA,NA,NA,NA,"NA NA","NA NA","NA NA NA NA NA NA NA NA","https://twitter.com/Leendow_K/status/1481844519771557891","Lindo Kunjukunju<U+0001F33A>","Joburg","All for love and love for all",NA,FALSE,171,194,0,166,387,"06/04/2014 04:52",FALSE,NA,NA,NA,"https://pbs.twimg.com/profile_banners/2464016092/1471616130","http://abs.twimg.com/images/themes/theme1/bg.png","http://pbs.twimg.com/profile_images/1462335775857680387/l6DKaoxq_normal.jpg",1,0
"31","x176161240","x1481974369668767747","14/01/2022 12:59","Itsmygameblog","A friends son is missing. Lives in Weston Super Mare but could be in Bristol
Connor Mann is 29.
If you know of his where abouts please dm me or call Lisa on 07914677003
Please retweet , thank you https://t.co/xDAoj27SFF","","Twitter Web App",195,NA,NA,NA,FALSE,FALSE,14,64,NA,0,NA,NA,NA,NA,NA,"http://pbs.twimg.com/media/FJEHwwoX0AIU1PA.jpg","https://t.co/xDAoj27SFF","https://twitter.com/Itsmygameblog/status/1481974369668767747/photo/1","photo","http://pbs.twimg.com/media/FJEHwwoX0AIU1PA.jpg","https://t.co/xDAoj27SFF","https://twitter.com/Itsmygameblog/status/1481974369668767747/photo/1",NA,NA,NA,"en",NA,NA,NA,NA,NA,NA,NA,NA,NA,NA,NA,NA,NA,NA,NA,NA,NA,NA,NA,NA,NA,NA,NA,NA,NA,NA,NA,NA,NA,NA,NA,NA,NA,NA,NA,NA,"NA NA","NA NA","NA NA NA NA NA NA NA NA","https://twitter.com/Itsmygameblog/status/1481974369668767747","Paul Cooper","Cirencester, England","Fulham FC fan. Plays 'Martin Mucklowe' in the BBC comedy - This Country. Director at The National Children's Football Alliance. Also Hoarding Disorders UK","https://t.co/II9kJ40J2Z",FALSE,8952,1308,10,13108,102333,"08/08/2010 19:09",FALSE,"https://t.co/II9kJ40J2Z","http://www.celebvm.com/paulcooper",NA,"https://pbs.twimg.com/profile_banners/176161240/1402348353","http://abs.twimg.com/images/themes/theme1/bg.png","http://pbs.twimg.com/profile_images/1140301096562438146/iCdOhfMn_normal.jpg",1,78
"32","x114007218","x1482024490985005062","14/01/2022 16:19","adnandurani","Request for Prayers 

My brother in law's nephew's 4 years old son is missing from last 2 days in Karachi Pakistan. Local authorities &amp; Jamaat is involved in the search.

Please pray that may Allah give patience and reunite the kid with his family soon InshAllah.

Ameen https://t.co/DWU2cAJXDL","","Twitter for Android",274,NA,NA,NA,FALSE,FALSE,0,0,NA,0,NA,NA,NA,NA,NA,"http://pbs.twimg.com/media/FJE1aRlWQAgvYFV.jpg","https://t.co/DWU2cAJXDL","https://twitter.com/adnandurani/status/1482024490985005062/photo/1","photo","http://pbs.twimg.com/media/FJE1aRlWQAgvYFV.jpg","https://t.co/DWU2cAJXDL","https://twitter.com/adnandurani/status/1482024490985005062/photo/1",NA,NA,NA,"en",NA,NA,NA,NA,NA,NA,NA,NA,NA,NA,NA,NA,NA,NA,NA,NA,NA,NA,NA,NA,NA,NA,NA,NA,NA,NA,NA,NA,NA,NA,NA,NA,NA,NA,NA,NA,"NA NA","NA NA","NA NA NA NA NA NA NA NA","https://twitter.com/adnandurani/status/1482024490985005062","ADNAN DURRANI","UK","",NA,FALSE,6,49,0,121,36,"13/02/2010 19:44",FALSE,NA,NA,NA,NA,"http://abs.twimg.com/images/themes/theme1/bg.png","http://pbs.twimg.com/profile_images/2815011418/669ed016f06bbe943ab0131dd3150fd2_normal.jpeg",1,0
"33","x1199894938458214400","x1482101683723374593","14/01/2022 21:25","Airfrcegrl2","@trailerparkboys , @CTVAtlantic @MapleLeafs @TorrensJonathan @CityNewsHFX 
Trina is from Nova Scotia , born in Halifax
Please share and help find my friend. FB Page - Missing Katrina Blagdon ( Trina ) https://t.co/rIZSCQFbHG","","Twitter for Android",200,NA,"x18210554","trailerparkboys",FALSE,FALSE,0,0,NA,0,NA,NA,NA,NA,NA,"http://pbs.twimg.com/media/FJF7oJ2XoAMofbG.jpg","https://t.co/rIZSCQFbHG","https://twitter.com/Airfrcegrl2/status/1482101683723374593/photo/1","photo","http://pbs.twimg.com/media/FJF7oJ2XoAMofbG.jpg","https://t.co/rIZSCQFbHG","https://twitter.com/Airfrcegrl2/status/1482101683723374593/photo/1",NA,"x18210554 x25287690 x55594930 x78195200 x28158298","trailerparkboys CTVAtlantic MapleLeafs TorrensJonathan CityNewsHFX","en",NA,NA,NA,NA,NA,NA,NA,NA,NA,NA,NA,NA,NA,NA,NA,NA,NA,NA,NA,NA,NA,NA,NA,NA,NA,NA,NA,NA,NA,NA,NA,NA,NA,NA,NA,NA,"NA NA","NA NA","NA NA NA NA NA NA NA NA","https://twitter.com/Airfrcegrl2/status/1482101683723374593","Airfrcegrl","","Proud Mom, Nanny and Veteran <U+0001F1E8><U+0001F1E6>. I believe in family ties, honesty and karma.",NA,FALSE,6,96,0,206,554,"28/11/2019 03:37",FALSE,NA,NA,NA,NA,NA,"http://pbs.twimg.com/profile_images/1241176682792435712/92kupqoP_normal.jpg",1,0
"34","x2680653672","x1482185617651945477","15/01/2022 02:59","MochaHealth",".@blackandmissing #DMV, my soror’s son is missing. Please be on the lookout for this missing youth in the area. If you have any information, whatsoever, please contact the family. https://t.co/Wv95Oo7CLd","","Twitter for iPhone",179,NA,NA,NA,FALSE,FALSE,6,19,NA,0,"DMV",NA,NA,NA,NA,"http://pbs.twimg.com/media/FJHH9pMXsAM3vp1.jpg","https://t.co/Wv95Oo7CLd","https://twitter.com/MochaHealth/status/1482185617651945477/photo/1","photo","http://pbs.twimg.com/media/FJHH9pMXsAM3vp1.jpg","https://t.co/Wv95Oo7CLd","https://twitter.com/MochaHealth/status/1482185617651945477/photo/1",NA,"x12095382","blackandmissing","en",NA,NA,NA,NA,NA,NA,NA,NA,NA,NA,NA,NA,NA,NA,NA,NA,NA,NA,NA,NA,NA,NA,NA,NA,NA,NA,NA,NA,NA,NA,NA,NA,NA,NA,NA,NA,"NA NA","NA NA","NA NA NA NA NA NA NA NA","https://twitter.com/MochaHealth/status/1482185617651945477","Mocha Health ®","Global, Washington, DC ","Health and Wellness | Inquiries: hellomochahealth@gmail.com | #MochaHealth | Cheers to your health! Founder: @unapologeticval","https://t.co/AluGv3Gi20",FALSE,3415,1962,0,22581,45904,"25/07/2014 22:56",FALSE,"https://t.co/AluGv3Gi20","https://www.mochahealth.com",NA,"https://pbs.twimg.com/profile_banners/2680653672/1641412801","http://abs.twimg.com/images/themes/theme14/bg.gif","http://pbs.twimg.com/profile_images/1243279982857728001/4yq-UOxP_normal.jpg",1,25
"35","x1146872229881352193","x1482393289760387074","15/01/2022 16:44","MS_SHXRXN","(5/5) If you spot him and notify the police please explain he has a mental illness and could be aggressive if he feels he’s in danger. Please help us find my brother, we are incredibly afraid. https://t.co/Llt2jlEghg","","Twitter for iPhone",192,"x1482393284957847555","x1146872229881352193","MS_SHXRXN",FALSE,FALSE,1,7,NA,0,NA,NA,NA,NA,NA,"http://pbs.twimg.com/media/FJKE1y6XIAEx4KF.jpg","https://t.co/Llt2jlEghg","https://twitter.com/MS_SHXRXN/status/1482393289760387074/photo/1","photo","http://pbs.twimg.com/media/FJKE1y6XIAEx4KF.jpg","https://t.co/Llt2jlEghg","https://twitter.com/MS_SHXRXN/status/1482393289760387074/photo/1",NA,NA,NA,"en",NA,NA,NA,NA,NA,NA,NA,NA,NA,NA,NA,NA,NA,NA,NA,NA,NA,NA,NA,NA,NA,NA,NA,NA,NA,NA,NA,NA,NA,NA,NA,NA,NA,NA,NA,NA,"NA NA","NA NA","NA NA NA NA NA NA NA NA","https://twitter.com/MS_SHXRXN/status/1482393289760387074","BLACK LIVES MATTER","SATX","25, MRS., singer/songwriter <U+0001F48B>","https://t.co/xC6ptJ02NS",FALSE,149,141,0,3954,8172,"04/07/2019 20:03",FALSE,"https://t.co/xC6ptJ02NS","http://hyperurl.co/clnyfb",NA,"https://pbs.twimg.com/profile_banners/1146872229881352193/1567820704",NA,"http://pbs.twimg.com/profile_images/1455245821428084737/uCwf0g7C_normal.jpg",1,8
"36","x26642006","x1482463982078160896","15/01/2022 21:25","Alyssa_Milano","Here we are trying to find my sister’s killer. No spoilers please! I loved working with Malachi Weir  and Sam Page. Good dudes.  #Brazen https://t.co/5NU1sjzibF","","Twitter for iPhone",136,"x1482463977133076481","x26642006","Alyssa_Milano",FALSE,FALSE,56,6,NA,0,"Brazen",NA,NA,NA,NA,"http://pbs.twimg.com/media/FJLFIoJVUAI10-W.jpg","https://t.co/5NU1sjzibF","https://twitter.com/Alyssa_Milano/status/1482463982078160896/photo/1","photo","http://pbs.twimg.com/media/FJLFIoJVUAI10-W.jpg http://pbs.twimg.com/media/FJLFIovVEAAumdl.jpg http://pbs.twimg.com/media/FJLFIpFVUAEG9ti.jpg","https://t.co/5NU1sjzibF https://t.co/5NU1sjzibF https://t.co/5NU1sjzibF","https://twitter.com/Alyssa_Milano/status/1482463982078160896/photo/1 https://twitter.com/Alyssa_Milano/status/1482463982078160896/photo/1 https://twitter.com/Alyssa_Milano/status/1482463982078160896/photo/1",NA,NA,NA,"en",NA,NA,NA,NA,NA,NA,NA,NA,NA,NA,NA,NA,NA,NA,NA,NA,NA,NA,NA,NA,NA,NA,NA,NA,NA,NA,NA,NA,NA,NA,NA,NA,NA,NA,NA,NA,"NA NA","NA NA","NA NA NA NA NA NA NA NA","https://twitter.com/Alyssa_Milano/status/1482463982078160896","Alyssa Milano","Los Angeles","<U+0001F1FA><U+0001F1F8> Check out @sorrynotsorry @PatNotPart and @NoRA4USA Please follow my other accounts for career updates @AlyssaDotCom @TouchByAM Text Me: (323)396-9923","https://t.co/XmPG6hQLsQ",FALSE,3646896,6761,34003,75445,64617,"26/03/2009 00:34",TRUE,"https://t.co/XmPG6hQLsQ","https://instagram.com/milano_alyssa?igshid=1cwqjrej7wt4r",NA,"https://pbs.twimg.com/profile_banners/26642006/1635345643","http://abs.twimg.com/images/themes/theme9/bg.gif","http://pbs.twimg.com/profile_images/1133750033201762304/oUtQz2nO_normal.jpg",1,62
"37","x1382506118367301637","x1482541388629782536","16/01/2022 02:33","unidentifiednow","Message from her Mother: Please help us find my daughter Jessica Deborah Warren.  She is 6 months pregnant.  She went missing Jan 5, 2022.  Please pray for her and that we will find her alive and well.  She took an Uber and no one has seen her since then. https://t.co/DAI98n4VWu","","Twitter for iPhone",255,NA,NA,NA,FALSE,FALSE,0,0,NA,0,NA,NA,NA,NA,NA,"http://pbs.twimg.com/media/FJMLiK2XMAA5k0v.jpg","https://t.co/DAI98n4VWu","https://twitter.com/unidentifiednow/status/1482541388629782536/photo/1","photo","http://pbs.twimg.com/media/FJMLiK2XMAA5k0v.jpg","https://t.co/DAI98n4VWu","https://twitter.com/unidentifiednow/status/1482541388629782536/photo/1",NA,NA,NA,"en",NA,NA,NA,NA,NA,NA,NA,NA,NA,NA,NA,NA,NA,NA,NA,NA,NA,NA,NA,NA,NA,NA,NA,NA,NA,NA,NA,NA,NA,NA,NA,NA,NA,NA,NA,NA,"NA NA","NA NA","NA NA NA NA NA NA NA NA","https://twitter.com/unidentifiednow/status/1482541388629782536","unidentified and missing people","","Here to help families.",NA,FALSE,2,11,0,40,95,"15/04/2021 01:28",FALSE,NA,NA,NA,"https://pbs.twimg.com/profile_banners/1382506118367301637/1642377502",NA,"http://pbs.twimg.com/profile_images/1482864835100614661/0dkjfDjj_normal.jpg",1,0
"38","x2569560915","x1482569788073275395","16/01/2022 04:25","niaholaa","such a crazy week. my nephew was murdered. my family in tonga is in danger bc of a tsunami/volcano eruption. this morning we got in a car crash &amp; tonight we were out trying to help find my friend’s elderly father. honestly scared for what tmrw will be like. https://t.co/zTOobWTd0P","","Twitter for iPhone",261,NA,NA,NA,FALSE,FALSE,1,0,NA,0,NA,NA,NA,NA,NA,"http://pbs.twimg.com/media/FJMlW-zVQAE8-nl.jpg","https://t.co/zTOobWTd0P","https://twitter.com/niaholaa/status/1482569788073275395/photo/1","photo","http://pbs.twimg.com/media/FJMlW-zVQAE8-nl.jpg","https://t.co/zTOobWTd0P","https://twitter.com/niaholaa/status/1482569788073275395/photo/1",NA,NA,NA,"en",NA,NA,NA,NA,NA,NA,NA,NA,NA,NA,NA,NA,NA,NA,NA,NA,NA,NA,NA,NA,NA,NA,NA,NA,NA,NA,NA,NA,NA,NA,NA,NA,NA,NA,NA,NA,"NA NA","NA NA","NA NA NA NA NA NA NA NA","https://twitter.com/niaholaa/status/1482569788073275395","nia saw bts d2<U+0001F972>","Mesa, AZ","i’m in this bangtan sonyeondan shit for life<U+0001F49C>",NA,FALSE,108,58,1,402,3268,"28/05/2014 19:55",FALSE,NA,NA,NA,"https://pbs.twimg.com/profile_banners/2569560915/1641715380","http://abs.twimg.com/images/themes/theme1/bg.png","http://pbs.twimg.com/profile_images/1482604030329196544/hElIZDTO_normal.jpg",1,1
"39","x1295600688987123712","x1482620795289423872","16/01/2022 07:48","GenerationGamR","Everybody my brother is missing again please share this post in hopes that he will be found okay. https://t.co/9Gkkff4z7Z","","Twitter Web App",97,NA,NA,NA,FALSE,FALSE,3,2,NA,0,NA,NA,NA,NA,NA,"http://pbs.twimg.com/media/FJNTum1VQAEHjqG.jpg","https://t.co/9Gkkff4z7Z","https://twitter.com/GenerationGamR/status/1482620795289423872/photo/1","photo","http://pbs.twimg.com/media/FJNTum1VQAEHjqG.jpg","https://t.co/9Gkkff4z7Z","https://twitter.com/GenerationGamR/status/1482620795289423872/photo/1",NA,NA,NA,"en",NA,NA,NA,NA,NA,NA,NA,NA,NA,NA,NA,NA,NA,NA,NA,NA,NA,NA,NA,NA,NA,NA,NA,NA,NA,NA,NA,NA,NA,NA,NA,NA,NA,NA,NA,NA,"NA NA","NA NA","NA NA NA NA NA NA NA NA","https://twitter.com/GenerationGamR/status/1482620795289423872","Generation Gaming","Oregon","Generation Gaming Is a channel that is geared toward Retro Games, New Games, and everything in between.","https://t.co/poCuZKtISz",FALSE,36,203,0,361,62,"18/08/2020 05:57",FALSE,"https://t.co/poCuZKtISz","https://www.youtube.com/channel/UCLca-qPGu9m1h7BB_A3eESw",NA,"https://pbs.twimg.com/profile_banners/1295600688987123712/1600912165",NA,"http://pbs.twimg.com/profile_images/1295600827084574720/25ri6p9I_normal.jpg",1,5
"40","x113484646","x1482820218133037061","16/01/2022 21:01","Russ_M_Wood","Ok Tweeter, this is serious. 

A friend’s husband is missing. A report has already been filed. He was last seen driving between Sayreville and Perth Amboy in a late model Buick plate # L18 PGX

Please DM me (do not reply to this tweet) with any information. Thanks. https://t.co/JTASX8v7k0","","Twitter for iPhone",265,NA,NA,NA,FALSE,FALSE,1,3,NA,0,NA,NA,NA,NA,NA,"http://pbs.twimg.com/media/FJQJIS7XEAESa2o.jpg","https://t.co/JTASX8v7k0","https://twitter.com/Russ_M_Wood/status/1482820218133037061/photo/1","photo","http://pbs.twimg.com/media/FJQJIS7XEAESa2o.jpg","https://t.co/JTASX8v7k0","https://twitter.com/Russ_M_Wood/status/1482820218133037061/photo/1",NA,NA,NA,"en",NA,NA,NA,NA,NA,NA,NA,NA,NA,NA,NA,NA,NA,NA,NA,NA,NA,NA,NA,NA,NA,NA,NA,NA,NA,NA,NA,NA,NA,NA,NA,NA,NA,NA,NA,NA,"NA NA","NA NA","NA NA NA NA NA NA NA NA","https://twitter.com/Russ_M_Wood/status/1482820218133037061","Russ M. Wood, CSM (he/him)","New Jersey, USA","Good vibes only <U+0001F4AA><U+0001F3FB><U+0001F44A><U+0001F3FB><U+0001F308>; Diabetic dad on a <U+0001F6B2>; Ethical Software Product Mgr; writer; #RBNY #NYR #Cycling #LGM #LFGM #blacklivesmatter <U+262E><U+FE0F><U+0001F49F><U+0001F6B4><U+0001F3FB><U+200D><U+2642><U+FE0F>","https://t.co/G5EXGsnuUV",FALSE,3707,2317,68,34237,30083,"11/02/2010 22:45",FALSE,"https://t.co/G5EXGsnuUV","http://thewatertoweronline.com",NA,"https://pbs.twimg.com/profile_banners/113484646/1596327801","http://abs.twimg.com/images/themes/theme1/bg.png","http://pbs.twimg.com/profile_images/1289718380430274562/aIeJl578_normal.jpg",1,4
"41","x54617160","x1482836184371974149","16/01/2022 22:04","VickiyDennis","Please share #bracknell #MissingPerson #tvp https://t.co/Hjoyt9eUbA","","Twitter for iPhone",43,NA,NA,NA,FALSE,FALSE,1,0,NA,0,"bracknell MissingPerson tvp",NA,NA,NA,NA,"http://pbs.twimg.com/media/FJQXpTgXEAQ4us1.jpg","https://t.co/Hjoyt9eUbA","https://twitter.com/VickiyDennis/status/1482836184371974149/photo/1","photo","http://pbs.twimg.com/media/FJQXpTgXEAQ4us1.jpg","https://t.co/Hjoyt9eUbA","https://twitter.com/VickiyDennis/status/1482836184371974149/photo/1",NA,NA,NA,"en",NA,NA,NA,NA,NA,NA,NA,NA,NA,NA,NA,NA,NA,NA,NA,NA,NA,NA,NA,NA,NA,NA,NA,NA,NA,NA,NA,NA,NA,NA,NA,NA,NA,NA,NA,NA,"NA NA","NA NA","NA NA NA NA NA NA NA NA","https://twitter.com/VickiyDennis/status/1482836184371974149","Vicki Dennis","Berkshire","I’m just a girl living with a life limiting condition & chronic pain. Business owner - The Female Boss","https://t.co/ekhT3gzhO3",FALSE,447,1620,44,1549,1234,"07/07/2009 17:29",FALSE,"https://t.co/ekhT3gzhO3","http://www.thefemale-boss.co.uk",NA,"https://pbs.twimg.com/profile_banners/54617160/1628599966","http://abs.twimg.com/images/themes/theme1/bg.png","http://pbs.twimg.com/profile_images/1435609824704794629/8vCs5prb_normal.jpg",1,1
"42","x1482498039323688961","x1482897359063244801","17/01/2022 02:07","MissinginAus","#mondayupdate
#charlisemutten

Thanking our amazing #ses #police #ruralfireservice who are working around the clock

Please let this be the day - DAY 5

#MissingPerson #missingchild #missingadvocatesaustralia #missingaustralia #missinginaustralia #helpbringcharlisemuttenhome https://t.co/7dXjOdy3Vc","","Twitter for Android",275,NA,NA,NA,FALSE,FALSE,0,0,NA,0,"mondayupdate charlisemutten ses police ruralfireservice MissingPerson missingchild missingadvocatesaustralia missingaustralia missinginaustralia helpbringcharlisemuttenhome",NA,NA,NA,NA,"http://pbs.twimg.com/media/FJRPRwqaIAEp72f.jpg","https://t.co/7dXjOdy3Vc","https://twitter.com/MissinginAus/status/1482897359063244801/photo/1","photo","http://pbs.twimg.com/media/FJRPRwqaIAEp72f.jpg","https://t.co/7dXjOdy3Vc","https://twitter.com/MissinginAus/status/1482897359063244801/photo/1",NA,NA,NA,"en",NA,NA,NA,NA,NA,NA,NA,NA,NA,NA,NA,NA,NA,NA,NA,NA,NA,NA,NA,NA,NA,NA,NA,NA,NA,NA,NA,NA,NA,NA,NA,NA,NA,NA,NA,NA,"NA NA","NA NA","NA NA NA NA NA NA NA NA","https://twitter.com/MissinginAus/status/1482897359063244801","Missing Advocates Australia","Australia","Missing Advocates Australia is about four passionate and experienced women helping reunite lost loved ones with their families. Do not hesitate to reach out.","https://t.co/IFoZpZOzVy",FALSE,3,39,0,6,1,"15/01/2022 23:41",FALSE,"https://t.co/IFoZpZOzVy","https://www.facebook.com/groups/missingadvocatesaustralia/?ref=share_group_link",NA,"https://pbs.twimg.com/profile_banners/1482498039323688961/1642298627",NA,"http://pbs.twimg.com/profile_images/1482498617701462016/RbIGJ2xD_normal.jpg",1,0
"43","x880653312370016258","x1482913202153439233","17/01/2022 03:10","DisfunkGlee","#MissingPerson Diane Francis 
Please share and follow @DianeTFrancis1 to learn how you can help share Diane’s story. https://t.co/VD570bAaCH","","Twitter for iPhone",116,NA,NA,NA,FALSE,FALSE,2,3,NA,0,"MissingPerson",NA,NA,NA,NA,"http://pbs.twimg.com/media/FJRdsogWQAEWsUz.jpg","https://t.co/VD570bAaCH","https://twitter.com/DisfunkGlee/status/1482913202153439233/photo/1","photo","http://pbs.twimg.com/media/FJRdsogWQAEWsUz.jpg","https://t.co/VD570bAaCH","https://twitter.com/DisfunkGlee/status/1482913202153439233/photo/1",NA,"x1191392356995485696","DianeTFrancis1","en",NA,NA,NA,NA,NA,NA,NA,NA,NA,NA,NA,NA,NA,NA,NA,NA,NA,NA,NA,NA,NA,NA,NA,NA,NA,NA,NA,NA,NA,NA,NA,NA,NA,NA,NA,NA,"NA NA","NA NA","NA NA NA NA NA NA NA NA","https://twitter.com/DisfunkGlee/status/1482913202153439233","Erin Reed <U+0001F338><U+270C><U+FE0F>","Maryland, USA","Just a girl trying to help solve some cold case’s and raise some victims voices. https://t.co/ugG0sCDSSB @somesipping","https://t.co/VoGvdweiK9",FALSE,2560,599,61,29342,38745,"30/06/2017 05:04",FALSE,"https://t.co/VoGvdweiK9","http://www.sippingonsomecrime.com",NA,"https://pbs.twimg.com/profile_banners/880653312370016258/1573370834",NA,"http://pbs.twimg.com/profile_images/1445220605117280267/owYrUory_normal.jpg",1,5
"44","x205041881","x1482923349013635073","17/01/2022 03:50","BaBossio","Please be on the lookout for Liz. She is a dear friend to many in the Morgantown community. 
Contact Sgt. Rob Shilling Moundsville Police (WV) 304-845-1611 with ANY information you may have to help find Liz who is missed and loved by many people. #MISSINGPERSON #WV #WestVirginia https://t.co/QI2BXs5rUE","","Twitter for iPhone",279,NA,NA,NA,FALSE,FALSE,0,0,NA,0,"MISSINGPERSON WV WestVirginia",NA,NA,NA,NA,"http://pbs.twimg.com/media/FJRm7JCXMAUq_12.jpg","https://t.co/QI2BXs5rUE","https://twitter.com/BaBossio/status/1482923349013635073/photo/1","photo","http://pbs.twimg.com/media/FJRm7JCXMAUq_12.jpg","https://t.co/QI2BXs5rUE","https://twitter.com/BaBossio/status/1482923349013635073/photo/1",NA,NA,NA,"en",NA,NA,NA,NA,NA,NA,NA,NA,NA,NA,NA,NA,NA,NA,NA,NA,NA,NA,NA,NA,NA,NA,NA,NA,NA,NA,NA,NA,NA,NA,NA,NA,NA,NA,NA,NA,"NA NA","NA NA","NA NA NA NA NA NA NA NA","https://twitter.com/BaBossio/status/1482923349013635073","Beth Ann Bossio","Morgantown, WV","@QPTreeFarm - <U+0001F332><U+0001F384>",NA,FALSE,320,782,6,1937,4150,"20/10/2010 01:14",FALSE,NA,NA,NA,"https://pbs.twimg.com/profile_banners/205041881/1479082081","http://abs.twimg.com/images/themes/theme5/bg.gif","http://pbs.twimg.com/profile_images/1459126171354939426/EjP16wA-_normal.jpg",1,0
"45","x1081673072489435137","x1482932550926487554","17/01/2022 04:27","ShechangesE","Please help return Jami Henry safely home to her family.She was last seen in Kennesaw, Georgia. Please retweet.
#SaveJamiHenry #MISSING #MissingPerson #MissingChild #MissingChildren #MissingInAmerica #CobbCounty #Atlanta #BlackandMissing #BlackLivesMatter #ProtectOurChildren https://t.co/oKClkCFD2T","","Twitter for iPhone",275,NA,NA,NA,FALSE,FALSE,0,1,NA,0,"SaveJamiHenry MISSING MissingPerson MissingChild MissingChildren MissingInAmerica CobbCounty Atlanta BlackandMissing BlackLivesMatter ProtectOurChildren",NA,NA,NA,NA,"http://pbs.twimg.com/media/FJRvS22WUAkH9vE.jpg","https://t.co/oKClkCFD2T","https://twitter.com/ShechangesE/status/1482932550926487554/photo/1","photo","http://pbs.twimg.com/media/FJRvS22WUAkH9vE.jpg","https://t.co/oKClkCFD2T","https://twitter.com/ShechangesE/status/1482932550926487554/photo/1",NA,NA,NA,"en",NA,NA,NA,NA,NA,NA,NA,NA,NA,NA,NA,NA,NA,NA,NA,NA,NA,NA,NA,NA,NA,NA,NA,NA,NA,NA,NA,NA,NA,NA,NA,NA,NA,NA,NA,NA,"NA NA","NA NA","NA NA NA NA NA NA NA NA","https://twitter.com/ShechangesE/status/1482932550926487554","shechanges_everything","","Products of empowerment for Women by Women.","https://t.co/dc4B4NQ33p",FALSE,51,70,0,3268,11379,"05/01/2019 22:05",FALSE,"https://t.co/dc4B4NQ33p","https://teespring.com/stores/she-changes-everything",NA,NA,"http://abs.twimg.com/images/themes/theme1/bg.png","http://pbs.twimg.com/profile_images/1081674382093766656/h3UoNi-q_normal.jpg",1,1
"46","x47950532","x1482974697759334401","17/01/2022 07:14","WendyThorpeUK","334 days with no news about Charlie, please be vigilant he must be somewhere keep sharing and caring and let’s bring Charlie home #missingperson #findcharlieknight #YouAreLoved https://t.co/sAMALf8VeQ","","Twitter for iPhone",176,NA,NA,NA,FALSE,FALSE,0,0,NA,0,"missingperson findcharlieknight YouAreLoved",NA,NA,NA,NA,"http://pbs.twimg.com/media/FJSVoEJXMAIqeHD.jpg","https://t.co/sAMALf8VeQ","https://twitter.com/WendyThorpeUK/status/1482974697759334401/photo/1","photo","http://pbs.twimg.com/media/FJSVoEJXMAIqeHD.jpg","https://t.co/sAMALf8VeQ","https://twitter.com/WendyThorpeUK/status/1482974697759334401/photo/1",NA,NA,NA,"en",NA,NA,NA,NA,NA,NA,NA,NA,NA,NA,NA,NA,NA,NA,NA,NA,NA,NA,NA,NA,NA,NA,NA,NA,NA,NA,NA,NA,NA,NA,NA,NA,NA,NA,NA,NA,"NA NA","NA NA","NA NA NA NA NA NA NA NA","https://twitter.com/WendyThorpeUK/status/1482974697759334401","WENDY THORPE","hampshire uk","growing older but never growing up and having the pleasure of my kids as my friends",NA,FALSE,182,92,3,5303,3062,"17/06/2009 12:56",FALSE,NA,NA,NA,"https://pbs.twimg.com/profile_banners/47950532/1628420082","http://abs.twimg.com/images/themes/theme1/bg.png","http://pbs.twimg.com/profile_images/1439386685515632651/pPxpt6On_normal.jpg",1,0
"47","x1081673072489435137","x1483026850012147715","17/01/2022 10:42","ShechangesE","Please help return Jami Henry safely home to her family.She was last seen in Kennesaw, Georgia. Please retweet.
#SaveJamiHenry #MISSING #MissingPerson #MissingPersons #MissingInAmerica #BlackLivesMatter #BlackandMissing #ProtectOurChildren #Kennesaw #Atlanta #Georgia #JamiHenry https://t.co/2w73qIAJnm","","Twitter for iPhone",278,NA,NA,NA,FALSE,FALSE,0,0,NA,0,"SaveJamiHenry MISSING MissingPerson MissingPersons MissingInAmerica BlackLivesMatter BlackandMissing ProtectOurChildren Kennesaw Atlanta Georgia JamiHenry",NA,NA,NA,NA,"http://pbs.twimg.com/media/FJTFDvuXsAE-fHe.jpg","https://t.co/2w73qIAJnm","https://twitter.com/ShechangesE/status/1483026850012147715/photo/1","photo","http://pbs.twimg.com/media/FJTFDvuXsAE-fHe.jpg","https://t.co/2w73qIAJnm","https://twitter.com/ShechangesE/status/1483026850012147715/photo/1",NA,NA,NA,"en",NA,NA,NA,NA,NA,NA,NA,NA,NA,NA,NA,NA,NA,NA,NA,NA,NA,NA,NA,NA,NA,NA,NA,NA,NA,NA,NA,NA,NA,NA,NA,NA,NA,NA,NA,NA,"NA NA","NA NA","NA NA NA NA NA NA NA NA","https://twitter.com/ShechangesE/status/1483026850012147715","shechanges_everything","","Products of empowerment for Women by Women.","https://t.co/dc4B4NQ33p",FALSE,51,70,0,3268,11379,"05/01/2019 22:05",FALSE,"https://t.co/dc4B4NQ33p","https://teespring.com/stores/she-changes-everything",NA,NA,"http://abs.twimg.com/images/themes/theme1/bg.png","http://pbs.twimg.com/profile_images/1081674382093766656/h3UoNi-q_normal.jpg",1,0
